Mon Dec 16 14:30:25 2019425;310;700;
425;310;700;
425;304;700;
425;302;700;
425;306;700;
425;297;700;
425;289;700;
425;305;700;
426;333;700;
426;389;700;
426;442;700;
426;314;700;
426;3;700;
426;318;700;
426;319;700;
426;311;700;
426;289;700;
426;290;700;
426;314;700;
427;369;700;
427;436;700;
427;489;700;
427;480;700;
427;392;700;
427;291;700;
428;256;700;
428;263;700;
429;282;700;
429;298;700;
429;307;700;
429;308;700;
429;306;700;
429;308;700;
429;312;700;
430;317;700;
431;317;700;
431;314;700;
431;314;700;
431;31;700;
431;318;700;
431;319;700;
431;311;700;
432;289;700;
432;290;700;
432;314;700;
432;369;700;
432;436;700;
432;489;700;
432;480;700;
433;392;700;
433;291;700;
434;256;700;
434;263;700;
434;282;700;
434;298;700;
435;307;700;
435;308;700;
436;306;700;
436;308;700;
436;312;700;
436;317;700;
436;317;700;
436;314;700;
436;314;700;
586;31380;700;
587;380;700;
588;380;700;
588;380;700;
589;380;700;
589;380;700;
590;381;700;
590;380;700;
591;381;700;
591;381;700;
592;382;700;
592;381;700;
593;382;700;
593;382;700;
594;381;700;
594;381;700;
595;382;700;
595;381;700;
596;383;700;
596;383;700;
597;380;700;
597;376;700;
598;370;700;
599;364;700;
599;357;700;
599;351;700;
600;348;700;
601;348;700;
601;344;700;
602;339;700;
602;338;700;
603;338;700;
603;338;700;
604;337;700;
604;336;700;
605;339;700;
605;340;700;
606;339;700;
606;340;700;
607;344;700;
607;342;700;
608;339;700;
609;342;700;
609;343;700;
609;340;700;
610;341;700;
610;344;700;
611;343;700;
611;345;700;
612;350;700;
613;354;700;
613;356;700;
614;353;700;
614;350;700;
615;357;700;
615;363;700;
615;367;700;
616;367;700;
617;368;700;
617;365;700;
618;360;700;
618;355;700;
619;351;700;
619;347;700;
620;340;700;
620;332;700;
621;326;700;
621;325;700;
622;322;700;
622;321;700;
623;320;700;
624;316;700;
624;315;700;
624;317;700;
625;318;700;
626;319;700;
626;316;700;
627;304;700;
627;290;700;
628;304;700;
628;342;700;
629;411;700;
629;470;700;
630;488;700;
630;437;700;
631;337;700;
631;271;700;
632;258;700;
632;275;700;
633;297;700;
634;309;700;
634;313;700;
634;315;700;
635;317;700;
635;317;700;
636;316;700;
636;317;700;
637;320;700;
637;324;700;
638;325;700;
638;328;700;
639;331;700;
640;331;700;
640;330;700;
640;331;700;
641;334;700;
642;337;700;
642;338;700;
643;340;700;
643;343;700;
644;344;700;
644;346;700;
645;353;700;
645;360;700;
646;365;700;
647;367;700;
647;369;700;
647;375;700;
648;378;700;
649;379;700;
649;379;700;
649;381;700;
650;379;700;
651;376;700;
651;373;700;
652;368;700;
652;365;700;
653;360;700;
653;355;700;
654;350;700;
654;345;700;
655;339;700;
655;335;700;
656;334;700;
656;332;700;
657;332;700;
657;333;700;
658;332;700;
658;334;700;
659;335;700;
659;334;700;
660;335;700;
660;335;700;
661;335;700;
661;334;700;
662;335;700;
663;337;700;
663;338;700;
663;333;700;
664;331;700;
665;332;700;
665;331;700;
665;332;700;
666;335;700;
667;337;700;
667;343;700;
668;340;700;
668;336;700;
669;342;700;
669;351;700;
670;356;700;
671;358;700;
671;360;700;
671;356;700;
672;352;700;
672;348;700;
673;343;700;
674;337;700;
674;331;700;
674;323;700;
675;316;700;
676;311;700;
676;308;700;
677;306;700;
677;306;700;
678;305;700;
678;305;700;
678;304;700;
679;303;700;
680;302;700;
680;303;700;
681;299;700;
681;285;700;
682;286;700;
682;304;700;
683;354;700;
683;419;700;
684;465;700;
684;454;700;
685;370;700;
685;273;700;
686;236;700;
686;243;700;
687;265;700;
687;281;700;
688;291;700;
689;297;700;
689;302;700;
690;305;700;
690;306;700;
690;309;700;
691;310;700;
692;309;700;
692;311;700;
693;314;700;
693;315;700;
694;313;700;
694;317;700;
695;320;700;
695;320;700;
696;322;700;
696;325;700;
697;329;700;
697;331;700;
698;328;700;
699;333;700;
699;336;700;
699;339;700;
700;345;700;
701;351;700;
701;356;700;
702;358;700;
702;357;700;
703;360;700;
703;368;700;
704;369;700;
704;368;700;
705;365;700;
705;361;700;
706;358;700;
706;352;700;
707;349;700;
707;345;700;
708;343;700;
708;337;700;
709;331;700;
709;328;700;
710;329;700;
710;331;700;
711;327;700;
711;325;700;
712;325;700;
712;326;700;
713;327;700;
714;328;700;
714;330;700;
715;334;700;
715;337;700;
715;333;700;
716;328;700;
717;326;700;
717;326;700;
718;329;700;
718;329;700;
719;332;700;
719;334;700;
720;336;700;
720;338;700;
721;338;700;
721;337;700;
722;339;700;
722;343;700;
723;348;700;
724;354;700;
724;358;700;
724;359;700;
725;359;700;
726;353;700;
726;345;700;
727;340;700;
727;339;700;
728;331;700;
728;324;700;
728;318;700;
729;315;700;
730;311;700;
730;307;700;
731;307;700;
731;307;700;
732;307;700;
732;308;700;
733;306;700;
734;306;700;
734;305;700;
734;299;700;
735;284;700;
735;287;700;
736;308;700;
736;355;700;
737;418;700;
737;463;700;
738;460;700;
739;383;700;
739;288;700;
740;242;700;
740;240;700;
740;259;700;
741;280;700;
742;294;700;
742;301;700;
743;306;700;
743;309;700;
744;311;700;
744;314;700;
745;316;700;
745;318;700;
746;317;700;
747;316;700;
747;320;700;
747;323;700;
748;322;700;
748;326;700;
749;328;700;
749;330;700;
750;333;700;
751;335;700;
751;336;700;
751;339;700;
752;342;700;
753;346;700;
753;351;700;
753;354;700;
754;357;700;
755;361;700;
755;366;700;
755;369;700;
756;368;700;
757;372;700;
757;374;700;
758;372;700;
758;371;700;
759;369;700;
759;367;700;
760;365;700;
760;359;700;
761;358;700;
761;355;700;
762;350;700;
762;346;700;
763;342;700;
763;339;700;
764;335;700;
764;334;700;
765;336;700;
765;337;700;
766;340;700;
767;341;700;
767;340;700;
768;337;700;
768;339;700;
769;339;700;
769;340;700;
770;340;700;
770;340;700;
771;342;700;
771;342;700;
772;342;700;
772;343;700;
773;346;700;
773;347;700;
774;350;700;
774;350;700;
775;347;700;
776;351;700;
776;358;700;
776;367;700;
777;370;700;
778;369;700;
778;366;700;
779;364;700;
779;361;700;
780;355;700;
780;350;700;
781;343;700;
781;337;700;
782;330;700;
782;326;700;
783;322;700;
783;321;700;
784;319;700;
785;318;700;
785;317;700;
785;316;700;
786;314;700;
786;313;700;
787;317;700;
787;316;700;
788;299;700;
788;288;700;
789;305;700;
790;345;700;
790;412;700;
790;470;700;
791;483;700;
791;423;700;
792;320;700;
792;260;700;
793;251;700;
794;268;700;
794;290;700;
795;303;700;
795;309;700;
796;313;700;
796;317;700;
797;319;700;
797;320;700;
798;321;700;
798;323;700;
799;325;700;
799;327;700;
800;328;700;
801;328;700;
801;331;700;
801;331;700;
802;335;700;
803;338;700;
803;340;700;
803;338;700;
804;338;700;
805;340;700;
805;346;700;
805;351;700;
806;353;700;
807;358;700;
807;365;700;
808;369;700;
808;370;700;
809;372;700;
809;376;700;
810;377;700;
810;381;700;
811;380;700;
811;380;700;
812;378;700;
812;371;700;
813;366;700;
813;365;700;
814;364;700;
815;361;700;
815;355;700;
815;351;700;
816;347;700;
817;344;700;
817;342;700;
817;341;700;
818;339;700;
819;337;700;
819;339;700;
820;337;700;
820;339;700;
821;341;700;
821;342;700;
822;344;700;
822;342;700;
823;344;700;
823;347;700;
824;343;700;
824;343;700;
825;343;700;
825;342;700;
826;343;700;
826;349;700;
827;355;700;
828;352;700;
829;348;700;
829;351;700;
829;359;700;
830;362;700;
830;366;700;
830;368;700;
831;368;700;
832;365;700;
832;357;700;
833;350;700;
834;347;700;
834;344;700;
834;340;700;
835;334;700;
835;324;700;
836;317;700;
836;314;700;
837;316;700;
837;319;700;
838;317;700;
838;314;700;
839;313;700;
840;312;700;
840;311;700;
840;309;700;
841;294;700;
841;285;700;
842;300;700;
842;344;700;
843;418;700;
844;478;700;
844;486;700;
845;418;700;
845;316;700;
846;261;700;
846;257;700;
847;276;700;
847;295;700;
848;304;700;
848;306;700;
849;306;700;
849;308;700;
850;312;700;
851;313;700;
851;314;700;
851;316;700;
852;317;700;
853;315;700;
853;319;700;
853;324;700;
854;325;700;
855;326;700;
855;326;700;
855;328;700;
856;328;700;
857;331;700;
857;335;700;
858;335;700;
859;338;700;
859;342;700;
859;346;700;
860;351;700;
860;354;700;
861;361;700;
861;365;700;
862;368;700;
862;374;700;
863;375;700;
863;375;700;
864;372;700;
865;370;700;
865;370;700;
865;366;700;
866;362;700;
866;358;700;
867;355;700;
867;348;700;
868;342;700;
869;338;700;
869;334;700;
870;333;700;
870;332;700;
871;331;700;
871;331;700;
872;328;700;
872;328;700;
873;330;700;
873;330;700;
874;330;700;
874;329;700;
875;333;700;
876;334;700;
876;333;700;
876;332;700;
877;334;700;
878;333;700;
878;331;700;
878;330;700;
879;336;700;
880;341;700;
880;343;700;
880;345;700;
881;343;700;
882;343;700;
882;347;700;
882;353;700;
883;360;700;
884;359;700;
884;356;700;
885;358;700;
885;355;700;
886;348;700;
886;341;700;
887;340;700;
887;336;700;
888;327;700;
888;323;700;
889;318;700;
889;314;700;
890;310;700;
890;310;700;
891;311;700;
892;310;700;
892;309;700;
892;308;700;
893;306;700;
894;305;700;
894;298;700;
895;284;700;
895;293;700;
896;322;700;
896;387;700;
897;451;700;
897;487;700;
898;450;700;
898;350;700;
899;271;700;
899;250;700;
900;265;700;
900;284;700;
901;296;700;
901;302;700;
902;305;700;
903;306;700;
903;308;700;
903;312;700;
904;314;700;
905;315;700;
905;316;700;
905;316;700;
906;316;700;
907;319;700;
907;323;700;
908;323;700;
908;325;700;
909;328;700;
909;330;700;
909;328;700;
910;329;700;
911;334;700;
911;335;700;
912;337;700;
912;342;700;
913;348;700;
913;353;700;
914;355;700;
914;360;700;
915;364;700;
915;367;700;
916;370;700;
916;369;700;
917;370;700;
917;368;700;
918;369;700;
919;367;700;
919;360;700;
920;354;700;
920;350;700;
921;347;700;
921;342;700;
922;338;700;
922;335;700;
923;332;700;
923;329;700;
924;329;700;
924;325;700;
925;327;700;
925;329;700;
926;326;700;
926;323;700;
927;325;700;
928;327;700;
928;326;700;
928;325;700;
929;330;700;
930;326;700;
930;323;700;
930;327;700;
931;332;700;
932;325;700;
932;322;700;
933;326;700;
933;331;700;
934;333;700;
934;336;700;
934;333;700;
935;331;700;
936;333;700;
936;342;700;
937;349;700;
937;350;700;
938;348;700;
938;346;700;
939;350;700;
939;346;700;
940;340;700;
941;333;700;
941;324;700;
941;315;700;
942;310;700;
942;309;700;
943;307;700;
943;299;700;
944;298;700;
945;299;700;
945;302;700;
946;303;700;
946;302;700;
947;301;700;
947;303;700;
948;292;700;
948;276;700;
949;285;700;
949;316;700;
950;378;700;
950;436;700;
951;469;700;
951;433;700;
952;335;700;
953;251;700;
953;228;700;
953;236;700;
954;254;700;
955;271;700;
955;285;700;
955;298;700;
956;301;700;
957;304;700;
957;306;700;
958;307;700;
958;308;700;
959;310;700;
960;311;700;
960;314;700;
960;312;700;
961;316;700;
961;318;700;
962;318;700;
962;324;700;
963;324;700;
963;323;700;
964;321;700;
964;324;700;
965;331;700;
966;339;700;
966;343;700;
967;345;700;
967;348;700;
967;352;700;
968;355;700;
969;361;700;
969;364;700;
970;359;700;
970;359;700;
971;362;700;
971;367;700;
972;368;700;
973;363;700;
973;359;700;
973;360;700;
974;354;700;
974;344;700;
975;341;700;
975;340;700;
976;336;700;
976;335;700;
977;330;700;
977;329;700;
978;328;700;
978;329;700;
979;330;700;
980;332;700;
980;327;700;
980;328;700;
981;332;700;
982;333;700;
982;332;700;
983;331;700;
983;333;700;
984;334;700;
984;332;700;
985;331;700;
985;333;700;
986;335;700;
986;338;700;
987;344;700;
987;345;700;
988;345;700;
988;350;700;
989;353;700;
990;355;700;
990;359;700;
990;360;700;
991;357;700;
991;355;700;
992;352;700;
992;349;700;
993;342;700;
993;335;700;
994;329;700;
994;321;700;
995;321;700;
996;316;700;
996;314;700;
997;311;700;
997;310;700;
998;312;700;
998;313;700;
999;314;700;
999;316;700;
1000;316;700;
1000;310;700;
1001;296;700;
1001;301;700;
1002;327;700;
1003;383;700;
1003;445;700;
1004;483;700;
1004;459;700;
1005;369;700;
1005;275;700;
1005;241;700;
1006;247;700;
1007;267;700;
1007;290;700;
1008;303;700;
1009;308;700;
1009;312;700;
1009;313;700;
1009;317;700;
1010;317;700;
1011;320;700;
1011;326;700;
1011;329;700;
1012;330;700;
1013;329;700;
1013;330;700;
1014;333;700;
1014;336;700;
1015;339;700;
1015;339;700;
1016;336;700;
1016;340;700;
1017;343;700;
1017;346;700;
1018;350;700;
1018;354;700;
1019;356;700;
1019;360;700;
1020;366;700;
1021;371;700;
1021;372;700;
1022;371;700;
1022;376;700;
1023;380;700;
1023;379;700;
1024;378;700;
1024;381;700;
1025;378;700;
1025;373;700;
1026;366;700;
1026;361;700;
1027;358;700;
1028;357;700;
1028;352;700;
1028;350;700;
1029;348;700;
1029;343;700;
1030;342;700;
1030;341;700;
1031;340;700;
1032;340;700;
1032;341;700;
1032;345;700;
1033;343;700;
1034;342;700;
1034;343;700;
1034;344;700;
1035;344;700;
1036;343;700;
1036;341;700;
1036;343;700;
1037;348;700;
1038;349;700;
1038;348;700;
1039;352;700;
1040;355;700;
1041;357;700;
1041;357;700;
1041;363;700;
1041;368;700;
1042;367;700;
1042;362;700;
1043;358;700;
1043;352;700;
1044;347;700;
1045;344;700;
1045;337;700;
1046;326;700;
1046;320;700;
1047;319;700;
1047;314;700;
1048;308;700;
1048;308;700;
1049;309;700;
1049;308;700;
1050;303;700;
1050;303;700;
1051;306;700;
1051;306;700;
1052;295;700;
1053;276;700;
1053;281;700;
1053;306;700;
1054;362;700;
1054;434;700;
1055;485;700;
1055;467;700;
1056;370;700;
1057;277;700;
1057;245;700;
1057;249;700;
1058;267;700;
1059;280;700;
1059;288;700;
1059;290;700;
1060;294;700;
1061;301;700;
1061;300;700;
1061;299;700;
1062;298;700;
1063;299;700;
1063;299;700;
1064;299;700;
1064;300;700;
1065;304;700;
1066;303;700;
1066;301;700;
1066;308;700;
1067;310;700;
1067;309;700;
1068;313;700;
1068;314;700;
1069;314;700;
1069;316;700;
1070;321;700;
1071;327;700;
1071;330;700;
1072;332;700;
1072;334;700;
1073;339;700;
1073;345;700;
1074;347;700;
1074;348;700;
1075;348;700;
1075;345;700;
1076;341;700;
1076;336;700;
1077;331;700;
1078;328;700;
1078;323;700;
1078;315;700;
1079;312;700;
1079;312;700;
1080;305;700;
1080;303;700;
1081;300;700;
1082;293;700;
1082;289;700;
1082;291;700;
1083;294;700;
1084;295;700;
1084;288;700;
1084;292;700;
1085;300;700;
1086;299;700;
1086;296;700;
1086;296;700;
1087;295;700;
1088;292;700;
1088;292;700;
1089;301;700;
1089;305;700;
1090;305;700;
1090;300;700;
1091;298;700;
1091;303;700;
1092;314;700;
1092;321;700;
1093;323;700;
1093;320;700;
1094;319;700;
1094;315;700;
1095;312;700;
1095;308;700;
1096;302;700;
1097;298;700;
1097;294;700;
1098;288;700;
1098;278;700;
1099;278;700;
1099;277;700;
1100;272;700;
1100;268;700;
1101;269;700;
1101;268;700;
1102;266;700;
1103;266;700;
1103;271;700;
1103;275;700;
1104;260;700;
1104;242;700;
1105;253;700;
1105;289;700;
1106;357;700;
1106;424;700;
1107;454;700;
1108;408;700;
1108;303;700;
1109;227;700;
1109;212;700;
1110;230;700;
1110;252;700;
1111;264;700;
1111;267;700;
1111;272;700;
1112;271;700;
1113;272;700;
1113;273;700;
1114;274;700;
1114;275;700;
1115;277;700;
1115;279;700;
1116;281;700;
1116;282;700;
1117;286;700;
1117;289;700;
1118;289;698;
1118;288;698;
1119;294;698;
1119;297;698;
1120;298;698;
1120;298;698;
1121;302;698;
1122;307;698;
1122;310;698;
1123;314;698;
1123;321;698;
1124;327;698;
1124;330;698;
1125;335;696;
1125;338;696;
1126;337;696;
1126;338;696;
1127;340;696;
1127;340;696;
1128;337;696;
1128;335;693;
1129;331;691;
1129;322;691;
1130;319;691;
1130;320;691;
1131;318;691;
1131;313;691;
1132;308;691;
1132;307;691;
1133;303;691;
1134;300;691;
1134;301;691;
1135;302;691;
1135;305;689;
1136;305;687;
1136;304;687;
1136;305;687;
1137;310;687;
1138;315;687;
1138;311;687;
1139;308;687;
1139;311;687;
1140;313;687;
1140;316;682;
1141;321;680;
1141;324;680;
1142;327;680;
1142;329;678;
1143;328;678;
1143;331;674;
1144;338;674;
1144;345;667;
1145;347;667;
1145;343;667;
1146;340;667;
1147;336;667;
1147;335;667;
1148;333;652;
1148;328;645;
1149;323;645;
1149;319;641;
1150;310;641;
1150;303;639;
1151;303;639;
1151;303;639;
1152;301;639;
1152;297;639;
1153;299;634;
1153;300;630;
1154;301;630;
1154;302;628;
1155;303;625;
1155;294;625;
1156;275;625;
1157;280;625;
1157;309;625;
1157;373;625;
1158;443;625;
1159;482;625;
1159;454;625;
1159;355;621;
1160;266;619;
1161;245;617;
1161;261;617;
1161;279;617;
1162;285;614;
1163;297;612;
1163;304;612;
1164;307;612;
1164;306;612;
1165;309;612;
1165;311;612;
1166;309;603;
1166;312;603;
1167;315;599;
1167;315;599;
1168;318;597;
1168;320;592;
1169;322;592;
1169;327;592;
1170;327;592;
1170;326;592;
1171;329;592;
1171;333;586;
1172;332;582;
1172;337;577;
1173;341;577;
1174;345;575;
1174;353;575;
1175;360;573;
1175;364;573;
1176;363;571;
1176;366;571;
1177;371;571;
1177;377;571;
1178;378;571;
1178;376;568;
1179;376;566;
1179;377;566;
1180;375;566;
1180;369;564;
1181;364;564;
1181;360;564;
1182;356;564;
1182;353;564;
1183;349;564;
1184;342;564;
1184;339;562;
1184;344;562;
1185;344;560;
1186;341;560;
1186;339;560;
1186;340;560;
1187;343;560;
1188;343;560;
1188;342;557;
1189;344;557;
1189;348;557;
1190;350;557;
1190;348;557;
1191;348;553;
1191;347;553;
1192;352;553;
1192;358;553;
1193;360;553;
1193;360;553;
1194;359;551;
1194;360;551;
1195;365;551;
1195;368;551;
1196;372;551;
1197;378;551;
1197;378;549;
1197;376;549;
1198;374;549;
1199;370;546;
1199;366;546;
1199;360;546;
1200;351;546;
1201;345;546;
1201;343;546;
1202;339;546;
1202;333;546;
1203;332;542;
1203;331;542;
1204;327;540;
1204;328;538;
1205;329;538;
1205;330;538;
1206;331;538;
1206;329;535;
1207;319;535;
1207;307;535;
1208;315;535;
1208;343;535;
1209;407;535;
1210;469;531;
1210;498;518;
1211;464;518;
1211;368;518;
1211;285;516;
1212;260;511;
1213;270;511;
1213;292;511;
1214;309;511;
1214;318;511;
1215;324;511;
1215;332;511;
1216;337;511;
1216;339;507;
1217;341;503;
1217;342;500;
1218;345;500;
1218;343;500;
1219;340;500;
1219;340;500;
1220;343;500;
1220;348;500;
1221;352;500;
1221;349;500;
1222;348;500;
1222;349;500;
1223;354;500;
1224;356;500;
1224;360;500;
1224;361;500;
1225;369;498;
1226;375;498;
1226;379;498;
1227;381;498;
1227;384;498;
1228;386;498;
1228;386;498;
1229;391;498;
1229;396;498;
1230;395;498;
1230;394;498;
1231;393;498;
1231;390;498;
1232;384;496;
1232;381;496;
1233;377;496;
1233;375;496;
1234;371;496;
1234;372;496;
1235;369;496;
1235;362;496;
1236;358;496;
1236;356;496;
1237;356;494;
1238;358;494;
1238;362;494;
1239;365;494;
1239;363;494;
1240;361;494;
1240;362;492;
1240;360;489;
1241;361;489;
1242;361;489;
1242;363;489;
1243;367;489;
1243;369;489;
1244;373;489;
1244;375;489;
1245;378;489;
1245;379;489;
1246;377;489;
1246;378;489;
1247;382;485;
1247;393;485;
1248;396;485;
1249;392;485;
1249;387;485;
1249;386;483;
1250;380;483;
1251;378;481;
1251;376;481;
1252;368;481;
1252;359;481;
1253;351;481;
1253;351;478;
1254;350;478;
1254;347;478;
1255;345;478;
1255;342;476;
1256;339;476;
1256;340;476;
1257;342;476;
1257;342;476;
1258;339;476;
1259;329;476;
1259;315;474;
1259;324;474;
1260;351;474;
1261;410;474;
1261;476;472;6,745864391326904
1261;511;472;
1262;480;472;
1263;386;472;
1263;297;472;
1264;269;472;
1264;278;472;
1265;299;472;
1265;318;472;
1265;331;472;
1266;337;470;
1267;342;470;
1267;346;470;
1268;348;467;
1268;347;467;
1269;348;467;
1269;348;467;
1270;350;467;
1270;354;467;
1271;359;467;
1271;361;467;
1272;357;467;
1272;359;467;
1273;364;467;
1274;364;467;
1274;361;467;
1274;366;467;
1275;370;467;
1276;370;467;
1276;374;467;
1276;379;467;
1277;382;467;
1278;385;467;
1278;390;467;
1278;397;467;
1279;399;467;
1280;401;467;
1280;403;467;
1281;405;467;
1281;406;467;
1282;405;467;
1283;403;467;
1283;401;467;
1284;399;467;
1284;395;467;
1284;391;467;
1285;387;467;
1285;380;467;
1286;376;467;
1286;370;467;
1287;368;467;
1288;364;467;
1288;369;467;
1289;368;467;
1289;368;467;
1290;367;467;
1290;370;467;
1290;369;467;
1291;366;467;
1292;363;467;
1292;367;467;
1293;369;467;
1293;371;467;
1294;374;467;
1294;368;467;
1295;371;467;
1295;380;467;
1296;383;467;
1296;384;467;
1297;382;467;
1297;381;467;
1298;381;467;
1299;387;467;
1299;393;467;
1299;397;467;
1300;396;467;
1301;396;467;
1301;393;467;
1302;389;467;
1302;382;467;
1303;376;467;
1303;371;467;
1304;364;467;
1304;358;467;
1305;352;467;
1305;351;467;
1306;348;467;
1306;345;467;
1307;347;467;
1307;345;467;
1308;342;467;
1309;341;467;
1309;341;467;
1309;343;467;
1310;341;467;
1310;327;467;
1311;318;467;
1311;332;467;
1312;375;467;
1312;454;467;
1313;517;467;0,5196101665496826
1314;523;467;
1314;451;467;
1315;345;467;
1315;287;467;
1315;284;467;
1316;301;467;
1317;314;467;
1317;322;467;
1318;326;467;
1318;329;467;
1319;331;467;
1319;333;467;
1320;331;467;
1320;331;467;
1321;333;467;
1321;340;467;
1322;344;467;
1322;347;467;
1323;348;467;
1324;347;467;
1324;345;467;
1324;345;467;
1325;349;467;
1326;351;467;
1326;353;467;
1327;354;467;
1327;357;467;
1328;362;467;
1328;363;467;
1329;366;467;
1329;371;467;
1330;380;467;
1330;385;467;
1331;386;467;
1331;387;467;
1332;386;467;
1333;389;467;
1333;393;467;
1333;393;467;
1334;390;467;
1334;387;467;
1335;384;467;
1335;379;467;
1336;375;467;
1336;372;467;
1337;368;467;
1338;362;467;
1338;356;467;
1339;352;467;
1339;352;467;
1340;350;467;
1340;347;467;
1340;345;467;
1341;345;467;
1342;345;467;
1342;346;467;
1343;346;467;
1343;347;467;
1344;349;467;
1344;348;467;
1345;352;467;
1345;354;467;
1346;351;467;
1346;350;467;
1347;353;467;
1347;355;467;
1348;357;467;
1349;359;467;
1349;362;467;
1349;363;467;
1350;361;467;
1351;361;467;
1351;366;467;
1352;370;467;
1352;374;467;
1353;378;467;
1353;380;467;
1353;378;467;
1354;373;467;
1355;365;467;
1355;360;467;
1356;356;467;
1356;352;467;
1357;346;467;
1357;340;467;
1358;333;467;
1358;330;467;
1359;332;467;
1359;334;467;
1360;331;467;
1360;330;467;
1361;327;467;
1361;327;467;
1362;329;467;
1362;328;467;
1363;317;467;
1364;299;467;
1364;305;467;
1365;334;467;
1365;398;467;
1365;467;467;
1366;499;467;0,5326023101806641
1367;465;467;
1367;373;467;
1368;291;467;
1368;268;467;
1369;278;467;
1369;296;467;
1370;310;467;
1370;315;467;
1371;315;467;
1371;315;467;
1372;323;467;
1372;328;467;
1373;328;467;
1373;326;467;
1374;322;467;
1374;324;467;
1375;327;467;
1376;326;467;
1376;325;467;
1377;328;467;
1377;330;467;
1378;332;467;
1378;333;467;
1378;334;467;
1379;335;467;
1380;337;467;
1380;341;467;
1381;345;467;
1381;348;467;
1382;351;467;
1382;352;467;
1383;357;467;
1384;364;467;
1384;368;467;
1384;369;467;
1385;372;467;
1385;371;467;
1386;372;467;
1386;371;467;
1387;370;467;
1387;363;467;
1388;359;467;
1389;358;467;
1389;357;467;
1390;350;467;
1390;342;467;
1390;338;467;
1391;335;467;
1392;330;467;
1392;328;467;
1393;326;467;
1393;326;467;
1394;327;467;
1394;325;467;
1395;323;467;
1395;324;467;
1396;327;467;
1396;326;467;
1397;324;467;
1397;327;467;
1398;327;467;
1398;327;467;
1399;328;467;
1399;330;467;
1400;329;467;
1401;327;467;
1401;327;467;
1401;330;467;
1402;331;467;
1403;333;467;
1403;336;467;
1403;334;467;
1404;334;467;
1405;341;467;
1405;348;467;
1406;353;467;
1406;351;467;
1407;347;467;
1407;346;467;
1408;344;467;
1409;339;467;
1409;336;467;
1409;329;467;
1410;323;467;
1410;314;467;
1411;308;467;
1411;306;467;
1412;304;467;
1412;300;467;
1413;299;467;
1413;299;467;
1414;300;467;
1415;296;467;
1415;295;467;
1415;296;467;
1416;295;467;
1417;281;467;
1417;279;467;
1417;295;467;
1418;340;467;
1419;405;467;
1419;453;467;
1420;453;467;
1420;382;467;
1421;283;467;
1421;230;467;
1422;225;467;
1422;245;467;
1423;269;467;
1423;284;467;
1424;290;467;
1424;294;467;
1425;301;467;
1426;302;467;
1426;300;467;
1427;305;467;
1427;308;467;
1428;308;467;
1428;305;467;
1428;307;467;
1429;312;467;
1430;316;467;
1430;317;467;
1430;319;467;
1431;320;467;
1432;325;467;
1432;327;467;
1433;323;467;
1434;326;467;
1434;329;467;
1434;330;467;
1435;335;467;
1435;343;467;
1436;347;467;
1436;350;467;
1437;352;467;
1437;354;467;
1438;361;467;
1439;365;467;
1439;364;467;
1440;362;467;
1440;361;467;
1440;360;467;
1441;357;467;
1442;353;467;
1442;349;467;
1442;345;467;
1443;344;467;
1444;341;467;
1444;335;467;
1445;332;467;
1445;330;467;
1446;331;467;
1446;327;467;
1447;324;467;
1447;322;467;
1448;322;467;
1448;326;467;
1449;329;467;
1449;330;467;
1450;333;467;
1451;333;467;
1451;334;467;
1451;335;467;
1452;333;467;
1453;329;467;
1453;330;467;
1453;330;467;
1454;333;467;
1455;336;467;
1455;338;467;
1456;342;467;
1456;344;467;
1457;344;467;
1458;344;467;
1458;349;467;
1459;355;467;
1459;359;467;
1459;360;467;
1460;355;467;
1460;350;467;
1461;346;467;
1461;344;467;
1462;339;467;
1462;331;467;
1463;325;467;
1463;319;467;
1464;312;467;
1465;311;467;
1465;309;467;
1465;308;467;
1466;305;467;
1466;306;467;
1467;308;467;
1467;308;467;
1468;305;467;
1469;305;467;
1469;297;467;
1470;281;467;
1470;289;467;
1471;317;467;
1471;374;467;
1472;436;467;
1472;473;467;1,0611379146575928
1473;442;467;
1473;349;467;
1474;259;467;
1474;232;467;
1475;242;467;
1476;266;467;
1476;286;467;
1477;295;467;
1477;301;467;
1478;305;467;
1478;311;467;
1478;313;467;
1479;311;467;
1480;312;467;
1480;314;467;
1480;319;467;
1481;323;467;
1482;324;467;
1482;325;467;
1483;326;467;
1484;327;467;
1484;327;467;
1484;332;467;
1485;336;467;
1485;337;467;
1486;338;467;
1486;340;467;
1487;344;467;
1487;345;467;
1488;350;467;
1489;353;467;
1489;358;467;
1489;364;467;
1490;366;467;
1490;368;467;
1491;371;467;
1492;370;467;
1492;370;467;
1492;373;467;
1493;372;467;
1494;370;467;
1494;366;467;
1495;362;467;
1495;358;467;
1496;357;467;
1496;353;467;
1497;348;467;
1497;345;467;
1498;343;467;
1498;339;467;
1499;337;467;
1499;337;467;
1500;338;467;
1501;335;467;
1501;335;467;
1502;339;467;
1502;338;467;
1503;339;467;
1503;341;467;
1503;340;467;
1504;340;467;
1505;342;467;
1505;341;467;
1505;339;467;
1506;339;467;
1507;341;467;
1507;347;467;
1508;349;467;
1508;346;467;
1509;349;467;
1509;352;467;
1510;354;467;
1510;357;467;
1511;362;467;
1511;366;467;
1512;368;467;
1512;367;467;
1513;364;467;
1513;360;467;
1514;355;467;
1515;352;467;
1515;351;467;
1515;343;467;
1516;334;467;
1517;325;467;
1517;324;467;
1517;323;467;
1518;318;467;
1519;316;467;
1519;318;467;
1520;317;467;
1520;316;467;
1521;316;467;
1521;317;467;
1522;317;467;
1522;303;467;
1523;290;467;
1523;307;467;
1524;351;467;
1524;422;467;
1525;483;467;0,5245966911315918
1526;494;467;
1526;428;467;
1526;326;467;
1527;268;467;
1528;262;467;
1528;278;467;
1529;296;467;
1529;305;467;
1530;308;467;
1530;312;467;
1530;315;467;
1531;317;467;
1532;317;467;
1532;318;467;
1533;322;467;
1533;324;467;
1534;325;467;
1534;324;467;
1535;323;467;
1535;327;467;
1536;330;467;
1536;331;467;
1537;335;467;
1537;336;467;
1538;336;467;
1538;336;467;
1539;340;467;
1539;344;467;
1540;345;467;
1540;350;467;
1541;355;467;
1541;358;467;
1542;362;467;
1542;369;467;
1543;375;467;
1543;377;467;
1544;376;467;
1545;379;467;
1545;380;467;
1546;379;467;
1546;375;467;
1547;372;467;
1547;371;467;
1548;366;467;
1548;356;467;
1549;351;467;
1549;349;467;
1550;346;467;
1551;340;467;
1551;339;467;
1551;337;467;
1552;334;467;
1553;334;467;
1553;332;467;
1553;332;467;
1554;333;467;
1555;335;467;
1555;339;467;
1555;340;467;
1556;338;467;
1557;338;467;
1557;340;467;
1558;340;467;
1558;339;467;
1559;338;467;
1559;339;467;
1560;340;467;
1560;339;467;
1561;336;467;
1561;337;467;
1562;339;467;
1562;342;467;
1563;344;467;
1563;345;467;
1564;347;467;
1565;346;467;
1565;351;467;
1565;359;467;
1566;366;467;
1567;367;467;
1567;366;467;
1567;360;467;
1568;354;467;
1569;347;467;
1569;346;467;
1570;343;467;
1570;339;467;
1571;331;467;
1571;324;467;
1572;319;467;
1572;316;467;
1573;314;467;
1573;313;467;
1574;314;467;
1574;313;467;
1575;314;467;
1575;312;467;
1576;309;467;
1576;308;467;
1577;298;467;
1577;288;467;
1578;302;467;
1578;337;467;
1579;405;467;
1580;467;467;
1580;484;467;0,5525412559509277
1580;429;467;
1581;332;467;
1582;265;467;
1582;250;467;
1583;265;467;
1583;287;467;
1584;302;467;
1584;303;467;
1585;306;467;
1585;310;467;
1586;312;467;
1586;313;467;
1587;312;467;
1587;315;467;
1588;316;467;
1588;317;467;
1589;319;467;
1590;322;467;
1590;323;467;
1590;324;467;
1591;326;467;
1591;327;467;
1592;325;467;
1592;330;467;
1593;335;467;
1594;335;467;
1594;335;467;
1595;337;467;
1595;343;467;
1596;350;467;
1596;356;467;
1597;361;467;
1597;365;467;
1598;367;467;
1598;367;467;
1599;370;467;
1599;373;467;
1600;377;467;
1600;375;467;
1601;371;467;
1601;369;467;
1602;367;467;
1603;361;467;
1603;356;467;
1603;351;467;
1604;345;467;
1605;341;467;
1605;339;467;
1605;334;467;
1606;331;467;
1607;333;467;
1607;332;467;
1608;328;467;
1608;325;467;
1609;329;467;
1609;333;467;
1609;334;467;
1610;332;467;
1611;332;467;
1611;332;467;
1611;334;467;
1612;333;467;
1613;333;467;
1613;333;467;
1614;331;467;
1615;332;467;
1615;336;467;
1615;334;467;
1616;329;467;
1616;329;467;
1617;332;467;
1617;336;467;
1618;338;467;
1618;341;467;
1619;342;467;
1619;340;467;
1620;343;467;
1621;350;467;
1621;357;467;
1622;359;467;
1622;359;467;
1623;356;467;
1623;353;467;
1624;348;467;
1624;341;467;
1625;339;467;
1625;338;467;
1626;333;467;
1626;320;467;
1627;315;467;
1628;316;467;
1628;313;467;
1628;310;467;
1629;311;467;
1630;311;467;
1630;309;467;
1630;308;467;
1631;309;467;
1632;308;467;
1632;299;467;
1632;284;467;
1633;291;467;
1634;314;467;
1634;366;467;
1634;430;467;
1635;476;467;0,5525074005126953
1636;459;467;
1636;371;467;
1637;278;467;
1637;241;467;
1638;245;467;
1638;268;467;
1639;288;467;
1639;295;467;
1640;302;467;
1640;300;467;
1641;301;467;
1641;305;467;
1642;309;467;
1642;310;467;
1643;314;467;
1644;315;467;
1644;313;467;
1644;314;467;
1645;316;467;
1646;318;467;
1646;320;467;
1647;322;467;
1647;323;467;
1648;324;467;
1648;324;467;
1649;326;467;
1649;331;467;
1650;333;467;
1650;334;467;
1651;336;467;
1651;348;467;
1652;354;467;
1652;352;467;
1653;354;467;
1653;354;467;
1654;357;467;
1654;362;467;
1655;364;467;
1655;367;467;
1656;368;467;
1657;364;467;
1657;356;467;
1658;356;467;
1658;354;467;
1659;348;467;
1659;340;467;
1660;336;467;
1660;331;467;
1661;328;467;
1661;325;467;
1661;324;467;
1662;324;467;
1663;327;467;
1663;324;467;
1664;325;467;
1665;323;467;
1665;325;467;
1665;325;467;
1666;324;467;
1666;325;467;
1667;325;467;
1667;327;467;
1668;329;467;
1668;328;467;
1669;327;467;
1669;332;467;
1670;330;467;
1671;326;467;
1671;326;467;
1672;325;467;
1672;326;467;
1673;329;467;
1673;336;467;
1674;338;467;
1674;336;467;
1675;334;467;
1675;339;467;
1676;350;467;
1676;355;467;
1677;356;467;
1678;354;467;
1678;351;467;
1678;347;467;
1679;341;467;
1680;335;467;
1680;329;467;
1680;323;467;
1681;321;467;
1681;315;467;
1682;308;467;
1683;306;467;
1683;303;467;
1684;303;467;
1684;304;467;
1684;305;467;
1685;307;467;
1686;306;467;
1686;305;467;
1686;300;467;
1687;284;467;
1688;284;467;
1688;308;467;
1689;352;467;
1690;407;467;
1690;453;467;
1690;457;467;
1691;389;467;
1691;290;467;
1692;234;467;
1692;229;467;
1693;248;467;
1693;269;467;
1694;283;467;
1694;295;467;
1695;304;467;
1696;309;467;
1696;307;467;
1697;310;467;
1697;313;467;
1698;317;467;
1698;316;467;
1699;316;467;
1699;320;467;
1700;319;467;
1700;321;467;
1701;325;467;
1702;328;467;
1702;327;467;
1702;328;467;
1703;332;467;
1703;334;467;
1704;332;467;
1704;334;467;
1705;337;467;
1705;342;467;
1706;348;467;
1707;353;467;
1707;356;467;
1708;359;467;
1708;364;467;
1709;365;467;
1709;369;467;
1709;368;467;
1710;367;467;
1711;368;467;
1711;369;467;
1711;366;467;
1712;364;467;
1713;357;467;
1713;352;467;
1714;353;467;
1714;348;467;
1715;343;467;
1715;341;467;
1716;338;467;
1716;336;467;
1717;335;467;
1717;335;467;
1718;334;467;
1718;333;467;
1719;336;467;
1719;340;467;
1720;340;467;
1720;333;467;
1721;332;467;
1722;333;467;
1722;336;467;
1722;342;467;
1723;343;467;
1724;343;467;
1724;338;467;
1725;341;467;
1725;347;467;
1726;350;467;
1726;350;467;
1727;352;467;
1727;353;467;
1728;353;467;
1728;358;467;
1729;365;467;
1729;369;467;
1730;367;467;
1730;364;467;
1731;367;467;
1732;360;467;
1732;354;467;
1733;352;467;
1733;352;467;
1734;345;467;
1734;334;467;
1734;326;467;
1735;321;467;
1736;319;467;
1736;318;467;
1736;319;467;
1737;317;467;
1738;319;467;
1738;321;467;
1739;322;467;
1739;319;467;
1740;313;467;
1740;298;467;
1741;294;467;
1741;311;467;
1742;347;467;
1742;412;467;
1743;469;467;1,0771210193634033
1743;484;467;
1744;422;467;
1744;319;467;
1745;254;467;
1746;244;467;
1746;261;467;
1747;285;467;
1747;302;467;
1748;309;467;
1748;311;467;
1749;317;467;
1749;320;467;
1750;319;467;
1750;317;467;
1751;321;467;
1751;325;467;
1752;325;467;
1752;328;467;
1753;331;467;
1754;334;467;
1754;335;465;
1754;333;463;
1755;336;463;
1755;339;463;
1756;342;463;
1756;346;463;
1757;345;463;
1758;342;463;
1758;346;463;
1759;351;463;
1759;352;463;
1760;360;463;
1760;369;459;
1761;372;459;
1761;372;459;
1761;376;459;
1762;379;456;
1763;380;456;
1763;380;456;
1764;379;456;
1764;377;456;
1765;375;456;
1765;373;456;
1766;369;454;
1766;362;452;
1767;358;452;
1767;354;452;
1768;352;450;
1768;351;450;
1769;352;450;
1769;349;450;
1770;347;450;
1771;341;450;
1771;337;450;
1772;340;448;
1772;343;448;
1772;347;448;
1773;345;448;
1774;343;448;
1774;344;445;
1775;343;445;
1775;345;445;
1776;349;445;
1776;348;445;
1777;347;445;
1777;346;445;
1778;349;443;
1778;353;443;
1779;356;443;
1779;357;443;
1780;355;443;
1780;358;443;
1781;364;441;
1782;368;441;
1782;369;441;
1783;370;441;
1783;369;441;
1784;367;441;
1784;359;441;
1785;351;441;
1785;352;437;
1786;350;437;
1786;343;437;
1786;335;437;
1787;328;437;
1788;322;437;
1788;321;437;
1789;322;437;
1789;323;437;
1790;318;437;
1791;318;437;
1791;319;434;
1791;318;434;
1792;316;432;
1792;310;432;
1793;298;432;
1793;295;432;
1794;314;432;
1794;368;432;
1795;443;432;0,5217149257659912
1795;495;432;
1796;485;432;
1796;397;432;
1798;298;432;
1798;259;432;
1798;267;432;
1799;287;432;
1799;300;432;
1799;310;430;
1800;312;430;
1801;313;430;
1801;315;430;
1802;317;430;
1802;317;430;
1803;318;430;
1803;322;430;
1804;322;430;
1804;322;430;
1805;320;430;
1805;322;430;
1806;327;430;
1806;328;430;
1807;330;430;
1807;332;430;
1808;335;430;
1809;335;430;
1809;336;430;
1810;338;430;
1810;341;430;
1811;343;430;
1811;351;430;
1811;357;430;
1812;361;430;
1813;364;430;
1813;368;430;
1813;373;430;
1814;377;430;
1815;380;430;
1815;379;430;
1816;376;430;
1816;372;430;
1817;373;430;
1817;370;430;
1818;365;430;
1818;361;430;
1819;359;430;
1819;356;430;
1820;350;430;
1820;345;430;
1821;343;430;
1821;339;430;
1822;335;430;
1822;333;430;
1823;334;430;
1824;334;430;
1824;334;430;
1825;336;430;
1825;337;430;
1826;335;430;
1826;333;430;
1827;333;430;
1827;337;430;
1828;341;430;
1828;340;430;
1829;334;430;
1829;333;430;
1830;340;430;
1830;344;430;
1831;347;430;
1831;347;430;
1832;344;430;
1832;345;430;
1833;355;430;
1834;362;430;
1834;363;430;
1834;362;430;
1835;361;430;
1836;359;430;
1836;354;430;
1836;350;430;
1837;345;430;
1838;338;430;
1838;331;430;
1839;325;430;
1839;322;430;
1840;321;430;
1840;318;430;
1841;314;430;
1841;313;430;
1842;313;430;
1842;309;430;
1843;309;430;
1843;311;430;
1844;311;430;
1844;310;430;
1845;293;430;
1845;285;430;
1846;304;430;
1846;351;430;
1847;426;430;
1847;484;430;0,523491382598877
1848;485;430;
1849;412;430;
1849;310;430;
1849;257;430;
1850;253;430;
1851;270;430;
1851;292;430;
1852;301;430;
1852;303;430;
1853;305;430;
1853;306;430;
1854;307;430;
1854;310;430;
1855;314;430;
1855;314;430;
1856;315;430;
1856;319;430;
1857;320;430;
1858;318;430;
1858;318;430;
1859;321;430;
1859;327;430;
1859;331;430;
1860;330;430;
1861;328;430;
1861;329;430;
1861;330;430;
1862;331;430;
1863;334;430;
1863;340;430;
1864;346;430;
1864;353;430;
1865;356;430;
1865;360;430;
1865;364;430;
1866;366;430;
1867;368;430;
1867;368;430;
1868;367;430;
1868;365;430;
1869;366;430;
1869;363;430;
1870;359;430;
1870;353;430;
1871;350;430;
1871;349;430;
1872;345;430;
1872;338;430;
1873;335;430;
1874;334;430;
1874;331;430;
1874;329;430;
1875;327;430;
1876;330;430;
1877;330;430;
1877;331;430;
1877;330;430;
1878;325;430;
1878;324;430;
1879;328;430;
1879;331;430;
1880;331;430;
1880;329;430;
1881;332;430;
1881;332;430;
1882;332;430;
1882;336;430;
1883;341;430;
1883;344;430;
1884;341;430;
1884;338;430;
1885;347;430;
1886;350;430;
1886;353;430;
1886;355;430;
1887;353;430;
1888;351;430;
1888;347;430;
1888;340;430;
1889;337;430;
1890;333;430;
1890;325;430;
1890;318;430;
1891;311;430;
1892;312;430;
1892;312;430;
1893;308;430;
1893;304;430;
1894;303;430;
1894;300;430;
1895;301;430;
1895;304;430;
1896;301;430;
1897;296;430;
1897;284;430;
1897;280;430;
1898;297;430;
1899;335;430;
1899;402;430;
1899;459;430;0,5202250480651855
1900;468;430;
1901;406;430;
1901;300;430;
1902;234;430;
1902;224;430;
1903;248;430;
1903;276;430;
1904;291;430;
1904;297;430;
1905;300;430;
1905;303;430;
1906;308;430;
1906;310;430;
1907;308;430;
1908;307;430;
1908;310;430;
1908;316;430;
1909;320;430;
1909;322;430;
1910;322;430;
1910;323;430;
1911;324;430;
1911;324;430;
1912;324;430;
1913;325;430;
1913;328;430;
1914;334;430;
1914;335;430;
1915;335;430;
1915;340;430;
1915;345;430;
1916;348;430;
1917;352;430;
1917;357;430;
1918;357;430;
1918;361;430;
1919;363;430;
1919;369;430;
1920;369;430;
1920;365;430;
1921;363;430;
1921;364;430;
1922;361;430;
1922;357;430;
1923;354;430;
1924;352;430;
1924;345;430;
1924;339;430;
1925;335;430;
1926;334;430;
1926;333;430;
1927;333;430;
1927;331;430;
1928;330;430;
1928;333;430;
1929;335;430;
1929;338;430;
1930;335;430;
1930;332;430;
1931;334;430;
1931;337;430;
1932;335;430;
1932;332;430;
1933;330;430;
1934;338;430;
1934;342;430;
1934;344;430;
1935;345;430;
1936;346;430;
1936;345;430;
1936;349;430;
1937;356;430;
1938;362;430;
1938;363;430;
1939;363;430;
1939;360;430;
1940;356;430;
1940;352;430;
1940;347;430;
1941;340;430;
1942;335;430;
1942;330;430;
1943;322;430;
1943;319;430;
1944;316;430;
1944;314;430;
1945;310;430;
1945;309;430;
1946;310;430;
1946;310;430;
1947;311;430;
1947;308;430;
1948;307;430;
1949;300;430;
1949;284;430;
1949;294;430;
1950;320;430;
1951;379;430;
1951;443;430;0,5170028209686279
1952;480;430;
1952;450;430;
1953;358;430;
1953;267;430;
1953;236;430;
1954;246;430;
1955;270;430;
1955;290;430;
1956;299;430;
1956;303;430;
1957;309;430;
1957;313;430;
1958;312;430;
1959;316;430;
1959;319;430;
1960;323;430;
1960;322;430;
1960;323;430;
1961;324;430;
1961;326;430;
1962;327;430;
1963;329;430;
1963;331;430;
1964;334;430;
1964;335;430;
1965;334;430;
1965;336;430;
1965;343;430;
1966;343;430;
1967;344;430;
1967;350;430;
1968;353;430;
1968;357;430;
1969;362;430;
1969;367;430;
1970;369;430;
1970;372;430;
1971;373;430;
1972;375;430;
1972;376;430;
1972;374;430;
1973;375;430;
1974;375;430;
1974;365;430;
1974;360;430;
1975;360;430;
1976;360;430;
1976;356;430;
1977;351;430;
1977;348;430;
1978;343;430;
1978;342;430;
1979;345;430;
1979;344;430;
1980;341;430;
1980;341;430;
1980;343;430;
1981;346;430;
1982;348;430;
1982;345;430;
1983;343;430;
1984;344;430;
1984;346;430;
1984;345;430;
1985;348;430;
1986;354;430;
1986;355;430;
1986;355;430;
1987;358;430;
1988;354;430;
1988;355;430;
1988;364;430;
1989;372;430;
1990;375;430;
1990;373;430;
1991;370;430;
1991;370;430;
1992;364;430;
1992;358;430;
1993;353;430;
1993;349;430;
1994;342;430;
1994;332;430;
1995;330;430;
1995;327;430;
1996;322;430;
1997;320;430;
1997;320;430;
1997;321;430;
1998;319;430;
1998;319;430;
1999;320;430;
1999;320;430;
2000;313;430;
2001;294;430;
2001;294;430;
2002;316;430;
2002;372;430;
2003;445;430;0,514958381652832
2003;495;430;
2003;482;430;
2004;396;430;
2005;299;430;
2005;260;430;
2006;265;430;
2006;285;430;
2007;302;430;
2007;311;430;
2008;314;430;
2008;314;430;
2009;317;430;
2009;318;430;
2010;320;430;
2010;319;430;
2011;322;430;
2011;327;430;
2012;329;430;
2013;329;430;
2013;330;430;
2014;329;430;
2014;333;430;
2015;336;430;
2015;338;430;
2015;338;430;
2016;339;430;
2017;341;430;
2017;345;430;
2018;348;430;
2018;348;430;
2019;352;430;
2019;360;430;
2020;366;430;
2020;368;430;
2021;369;430;
2021;373;430;
2022;379;430;
2022;381;430;
2023;378;430;
2023;376;430;
2024;376;430;
2024;377;430;
2025;374;430;
2026;368;430;
2026;359;430;
2026;360;430;
2027;359;430;
2028;355;430;
2028;349;430;
2028;346;430;
2029;343;430;
2030;340;430;
2030;340;430;
2031;340;430;
2031;340;430;
2032;340;430;
2032;339;430;
2033;337;430;
2033;341;430;
2034;342;430;
2035;342;430;
2035;343;430;
2035;343;430;
2036;341;430;
2036;339;430;
2037;338;430;
2037;341;430;
2038;347;430;
2038;351;430;
2039;353;430;
2040;350;430;
2040;351;430;
2040;353;430;
2041;357;430;
2042;363;430;
2042;367;430;
2042;368;430;
2043;365;430;
2044;360;430;
2044;356;430;
2045;353;430;
2045;350;430;
2046;344;430;
2047;336;430;
2047;329;430;
2047;325;430;
2048;322;430;
2048;318;430;
2049;313;430;
2049;312;430;
2050;314;430;
2051;315;430;
2051;315;430;
2051;313;430;
2052;313;430;
2053;309;430;
2053;292;430;
2053;293;430;
2054;316;430;
2055;373;430;
2055;445;430;0,524263858795166
2056;490;430;
2056;468;430;
2057;379;430;
2057;288;430;
2058;255;430;
2058;260;430;
2059;279;430;
2060;296;430;
2060;305;430;
2060;308;430;
2061;310;430;
2061;311;430;
2062;310;430;
2062;312;430;
2063;314;430;
2063;315;430;
2064;319;430;
2065;320;430;
2065;320;430;
2065;321;430;
2066;319;430;
2067;323;430;
2067;328;430;
2067;331;430;
2068;332;430;
2069;331;430;
2069;333;430;
2070;336;430;
2070;340;430;
2071;342;430;
2071;346;430;
2072;351;430;
2072;355;430;
2073;359;430;
2073;363;430;
2074;366;430;
2074;367;430;
2075;368;430;
2076;373;430;
2076;372;430;
2076;369;430;
2077;366;430;
2078;366;430;
2078;362;430;
2078;356;430;
2079;351;430;
2080;346;430;
2080;344;430;
2080;341;430;
2081;339;430;
2082;337;430;
2082;334;430;
2083;331;430;
2084;332;430;
2084;333;430;
2084;332;430;
2085;333;430;
2085;337;430;
2086;336;430;
2086;334;430;
2087;333;430;
2087;334;430;
2088;339;430;
2088;338;430;
2089;337;430;
2090;336;430;
2090;334;430;
2090;335;430;
2091;338;430;
2092;341;430;
2092;342;430;
2092;343;430;
2093;343;430;
2094;345;430;
2094;348;430;
2095;354;430;
2095;357;430;
2096;359;430;
2096;359;430;
2097;356;430;
2097;355;430;
2098;349;430;
2098;342;430;
2099;339;430;
2099;334;430;
2100;326;430;
2101;318;430;
2101;317;430;
2102;313;430;
2102;309;430;
2103;306;430;
2103;308;430;
2103;310;430;
2104;310;430;
2105;308;430;
2105;309;430;
2105;306;430;
2106;295;430;
2107;279;430;
2107;289;430;
2108;322;430;
2109;385;430;
2109;450;430;0,536566972732544
2109;488;430;
2110;452;430;
2110;351;430;
2111;267;430;
2111;247;430;
2112;260;430;
2112;279;430;
2113;291;430;
2113;296;430;
2114;303;430;
2115;304;430;
2115;304;430;
2115;306;430;
2116;306;430;
2117;308;430;
2117;312;430;
2117;313;430;
2118;314;430;
2119;314;430;
2119;315;430;
2120;316;430;
2120;317;430;
2121;321;430;
2121;321;430;
2122;323;430;
2122;322;430;
2123;327;430;
2123;333;430;
2124;332;430;
2124;335;430;
2125;341;430;
2126;347;430;
2126;348;430;
2126;350;430;
2127;357;430;
2128;364;430;
2128;363;430;
2128;359;430;
2129;361;430;
2130;362;430;
2130;362;430;
2130;358;430;
2131;355;430;
2132;351;430;
2132;347;430;
2133;344;430;
2134;337;430;
2134;336;430;
2134;335;430;
2135;331;430;
2135;329;430;
2136;326;430;
2136;321;430;
2137;320;430;
2137;320;430;
2138;322;430;
2138;323;430;
2139;325;430;
2140;330;430;
2140;326;430;
2140;324;430;
2141;326;430;
2141;330;430;
2142;330;430;
2142;327;430;
2143;325;430;
2144;327;430;
2144;327;430;
2145;325;430;
2145;324;430;
2146;323;430;
2146;324;430;
2147;329;430;
2147;334;430;
2148;336;430;
2148;337;430;
2149;337;430;
2149;337;430;
2150;341;430;
2151;347;430;
2151;352;430;
2151;351;430;
2152;349;430;
2153;347;430;
2153;345;430;
2153;339;430;
2154;334;430;
2155;329;430;
2155;321;430;
2155;318;430;
2156;313;430;
2157;308;430;
2157;305;430;
2158;304;430;
2158;302;430;
2159;300;430;
2159;303;430;
2160;304;430;
2160;305;430;
2161;305;430;
2161;300;430;
2162;286;430;
2162;284;430;
2163;303;430;
2163;346;430;
2164;412;430;
2165;459;430;0,5605130195617676
2165;460;430;
2165;386;430;
2166;289;430;
2167;236;430;
2167;230;430;
2167;250;430;
2168;274;430;
2168;291;430;
2169;299;430;
2170;303;430;
2170;304;430;
2171;305;430;
2171;307;430;
2172;307;430;
2172;308;430;
2173;312;430;
2173;318;430;
2174;318;430;
2174;319;430;
2175;320;430;
2175;322;430;
2176;321;430;
2177;324;430;
2177;328;430;
2178;329;430;
2178;332;430;
2178;335;430;
2179;335;430;
2180;339;430;
2180;344;430;
2180;348;430;
2181;349;430;
2182;355;430;
2182;357;430;
2183;362;430;
2183;365;430;
2184;367;430;
2184;368;430;
2185;369;430;
2185;369;430;
2186;366;430;
2186;364;430;
2187;362;430;
2187;357;430;
2188;353;430;
2188;350;430;
2189;347;430;
2189;344;430;
2190;340;430;
2190;335;430;
2191;335;430;
2191;332;430;
2192;328;430;
2192;328;430;
2193;332;430;
2194;334;430;
2194;332;430;
2195;334;430;
2195;340;430;
2196;339;430;
2196;334;430;
2197;337;430;
2197;340;430;
2198;339;430;
2198;337;430;
2199;337;430;
2199;337;430;
2200;338;430;
2200;338;430;
2201;338;430;
2201;340;430;
2202;342;430;
2203;345;430;
2203;347;430;
2203;347;430;
2204;348;430;
2205;354;430;
2205;358;430;
2205;359;430;
2206;360;430;
2207;361;430;
2207;359;430;
2208;358;430;
2209;352;430;
2209;346;430;
2209;344;430;
2209;338;430;
2210;330;430;
2211;325;430;
2211;322;430;
2212;317;430;
2212;315;430;
2213;316;430;
2213;314;430;
2214;313;430;
2215;310;430;
2215;309;430;
2215;308;430;
2216;310;430;
2216;301;430;
2217;288;430;
2217;297;430;
2218;329;430;
2218;389;430;
2219;446;430;0,5414679050445557
2220;480;430;
2220;445;430;
2221;350;430;
2221;265;430;
2222;238;430;
2222;243;430;
2223;269;430;
2223;291;430;
2224;301;430;
2224;305;430;
2225;309;430;
2225;315;430;
2226;315;430;
2226;317;430;
2227;317;430;
2228;320;430;
2228;322;430;
2228;323;430;
2229;325;430;
2230;325;430;
2230;327;430;
2230;329;430;
2231;335;430;
2232;334;430;
2232;334;430;
2233;337;430;
2233;339;430;
2234;342;430;
2234;343;430;
2235;345;430;
2235;351;430;
2236;356;430;
2236;360;430;
2237;362;430;
2237;366;430;
2238;371;430;
2238;373;430;
2239;373;430;
2240;376;430;
2240;378;430;
2240;377;430;
2241;373;430;
2241;369;430;
2242;366;430;
2242;363;430;
2243;360;430;
2243;354;430;
2244;350;430;
2244;347;430;
2245;347;430;
2246;347;430;
2246;342;430;
2247;342;430;
2247;340;430;
2248;340;430;
2248;339;430;
2249;340;430;
2249;339;430;
2250;339;430;
2250;340;430;
2251;340;430;
2251;343;430;
2252;345;430;
2253;346;430;
2253;343;430;
2253;344;430;
2254;344;430;
2255;343;430;
2255;345;430;
2255;342;430;
2256;340;430;
2257;340;430;
2257;346;430;
2257;352;430;
2258;353;430;
2259;351;430;
2259;350;430;
2259;353;430;
2260;358;430;
2261;364;430;
2261;370;430;
2262;371;430;
2262;365;430;
2263;360;430;
2263;356;430;
2264;355;430;
2265;351;430;
2265;344;430;
2265;338;430;
2266;332;430;
2266;327;430;
2267;324;430;
2267;321;430;
2268;322;430;
2269;318;430;
2269;314;430;
2269;316;430;
2270;315;430;
2271;314;430;
2271;313;430;
2272;312;430;
2272;299;430;
2273;297;430;
2273;320;430;
2274;363;430;
2274;425;430;
2275;478;430;0,5565090179443359
2275;485;430;
2276;414;430;
2276;312;430;
2277;258;430;
2278;257;430;
2278;275;430;
2278;294;430;
2279;306;430;
2279;311;430;
2280;313;430;
2280;315;430;
2281;318;430;
2282;320;430;
2282;321;430;
2283;322;430;
2284;323;430;
2284;325;430;
2284;327;430;
2284;327;430;
2285;328;430;
2286;330;430;
2286;332;430;
2286;334;430;
2287;337;430;
2288;339;430;
2288;340;430;
2289;340;430;
2289;343;430;
2290;346;430;
2290;350;430;
2291;355;430;
2291;360;430;
2292;363;430;
2292;367;430;
2293;374;430;
2293;377;430;
2294;378;430;
2294;378;430;
2295;378;430;
2296;378;430;
2296;377;430;
2297;374;430;
2297;369;430;
2298;367;430;
2298;362;430;
2299;356;430;
2299;353;430;
2300;350;430;
2300;346;430;
2301;341;430;
2301;340;430;
2302;341;430;
2303;338;430;
2303;337;430;
2303;338;430;
2304;338;430;
2305;339;430;
2305;340;430;
2305;341;430;
2306;341;430;
2307;339;430;
2307;339;430;
2308;344;430;
2308;345;430;
2309;342;430;
2309;340;430;
2309;342;430;
2310;342;430;
2311;340;430;
2311;343;430;
2312;343;430;
2312;338;430;
2313;339;430;
2313;346;430;
2314;349;430;
2315;350;430;
2315;349;430;
2315;348;430;
2316;352;430;
2316;358;430;
2317;362;430;
2317;364;430;
2318;363;430;
2318;361;430;
2319;360;430;
2319;356;430;
2320;350;430;
2321;343;430;
2321;339;430;
2322;334;430;
2322;325;430;
2323;322;430;
2323;315;430;
2324;316;430;
2324;318;430;
2325;315;430;
2325;313;430;
2326;312;430;
2326;314;430;
2327;312;430;
2327;313;430;
2328;309;430;
2328;295;430;
2329;299;430;
2329;324;430;
2330;377;430;
2330;443;430;0,5575146675109863
2331;487;430;
2332;466;430;
2332;371;430;
2333;280;430;
2333;251;430;
2334;261;430;
2334;280;430;
2334;295;430;
2335;304;430;
2336;307;430;
2336;309;430;
2336;311;430;
2337;311;430;
2338;313;430;
2338;317;430;
2339;318;430;
2340;320;430;
2340;323;430;
2340;326;430;
2341;325;430;
2341;327;430;
2342;328;430;
2342;326;430;
2343;327;430;
2343;329;430;
2344;332;430;
2344;334;430;
2345;337;430;
2346;340;430;
2346;345;430;
2347;348;430;
2347;351;430;
2348;358;430;
2348;361;430;
2349;365;430;
2349;368;430;
2350;368;430;
2350;370;430;
2351;375;430;
2351;377;430;
2352;376;430;
2352;371;430;
2353;367;430;
2353;363;430;
2354;358;430;
2354;354;430;
2355;353;430;
2355;349;430;
2356;344;430;
2357;340;430;
2357;337;430;
2357;333;430;
2358;330;430;
2359;329;430;
2359;330;430;
2359;333;430;
2360;335;430;
2361;333;430;
2361;332;430;
2361;332;430;
2362;333;430;
2363;331;430;
2363;332;430;
2364;336;430;
2365;338;430;
2365;334;430;
2365;331;430;
2366;331;430;
2366;332;430;
2367;333;430;
2367;331;430;
2368;333;430;
2368;331;430;
2369;328;430;
2370;328;430;
2370;333;430;
2371;336;430;
2371;337;430;
2372;337;430;
2372;337;430;
2373;336;430;
2373;343;430;
2374;353;430;
2374;358;430;
2375;358;430;
2375;356;430;
2376;354;430;
2376;349;430;
2377;344;430;
2377;340;430;
2378;338;430;
2378;332;430;
2379;322;430;
2380;317;430;
2380;313;430;
2380;309;430;
2381;308;430;
2382;306;430;
2382;306;430;
2382;306;430;
2383;308;430;
2384;308;430;
2384;308;430;
2384;305;430;
2385;297;430;
2386;287;430;
2386;299;430;
2386;325;430;
2387;381;430;
2388;440;430;0,5724661350250244
2388;469;430;
2389;432;430;
2389;336;430;
2390;256;430;
2390;233;430;
2391;244;430;
2391;269;430;
2392;285;430;
2392;292;430;
2393;297;430;
2393;305;430;
2394;308;430;
2394;310;430;
2395;313;430;
2396;313;430;
2396;315;430;
2397;316;430;
2397;317;430;
2397;320;430;
2398;322;430;
2399;321;430;
2399;322;430;
2400;325;430;
2400;327;430;
2401;329;430;
2401;330;430;
2402;333;430;
2402;336;430;
2403;340;430;
2403;342;430;
2404;345;430;
2404;349;430;
2405;353;430;
2405;359;430;
2406;363;430;
2406;362;430;
2407;363;430;
2408;367;430;
2408;370;430;
2409;369;430;
2409;366;430;
2409;365;430;
2410;364;430;
2411;361;430;
2411;357;430;
2411;351;430;
2412;347;430;
2413;346;430;
2413;342;430;
2414;336;430;
2414;331;430;
2415;329;430;
2415;327;430;
2416;327;430;
2416;327;430;
2417;328;430;
2417;327;430;
2418;329;430;
2418;335;430;
2419;337;430;
2419;335;430;
2420;336;430;
2421;336;430;
2421;334;430;
2422;332;430;
2422;332;430;
2423;331;430;
2423;331;430;
2424;329;430;
2424;328;430;
2425;332;430;
2425;333;430;
2426;333;430;
2426;331;430;
2427;334;430;
2427;337;430;
2428;338;430;
2428;340;430;
2429;339;430;
2429;338;430;
2430;345;430;
2430;352;430;
2431;359;430;
2431;361;430;
2432;357;430;
2432;352;430;
2433;351;430;
2433;348;430;
2434;344;430;
2435;337;430;
2435;328;430;
2436;323;430;
2436;319;430;
2436;316;430;
2437;314;430;
2438;312;430;
2438;306;430;
2439;307;430;
2439;309;430;
2440;309;430;
2440;309;430;
2441;308;430;
2441;309;430;
2442;297;430;
2442;286;430;
2443;303;430;
2443;337;430;
2444;396;430;
2444;450;430;0,5654885768890381
2445;470;430;
2445;420;430;
2446;317;430;
2447;242;430;
2447;229;430;
2447;249;430;
2448;271;430;
2449;288;430;
2449;299;430;
2450;305;430;
2450;308;430;
2451;309;430;
2451;312;430;
2452;312;430;
2452;314;430;
2453;318;430;
2453;320;430;
2454;324;430;
2454;320;430;
2455;319;430;
2455;324;430;
2456;327;430;
2456;328;430;
2457;330;430;
2457;330;430;
2458;333;430;
2459;333;430;
2459;333;430;
2459;338;430;
2460;344;430;
2461;348;430;
2461;352;430;
2461;354;430;
2462;359;430;
2463;363;430;
2463;367;430;
2464;370;430;
2465;371;430;
2465;370;430;
2465;370;430;
2466;370;430;
2466;367;430;
2467;363;430;
2467;359;430;
2468;357;430;
2468;352;430;
2469;348;430;
2469;346;430;
2470;341;430;
2471;337;430;
2471;335;430;
2471;336;430;
2472;333;430;
2472;330;430;
2473;328;430;
2474;330;430;
2474;329;430;
2474;334;430;
2475;334;430;
2476;334;430;
2476;336;430;
2477;337;430;
2477;337;430;
2478;338;430;
2478;338;430;
2479;337;430;
2479;338;430;
2480;336;430;
2480;333;430;
2481;331;430;
2481;332;430;
2482;334;430;
2482;334;430;
2483;333;430;
2484;337;430;
2484;341;430;
2484;341;430;
2485;346;430;
2486;348;430;
2486;346;430;
2486;349;430;
2487;356;430;
2488;362;430;
2488;363;430;
2489;361;430;
2490;358;430;
2490;354;430;
2490;348;430;
2491;346;430;
2491;342;430;
2492;334;430;
2492;325;430;
2493;320;430;
2493;319;430;
2494;319;430;
2494;317;430;
2495;316;430;
2495;314;430;
2496;313;430;
2496;312;430;
2497;311;430;
2497;312;430;
2498;314;430;
2499;306;430;
2499;293;430;
2500;305;430;
2500;334;430;
2501;392;430;
2501;452;430;0,5705001354217529
2502;480;430;
2502;438;430;
2503;342;430;
2503;264;430;
2504;243;430;
2504;256;430;
2505;280;430;
2505;300;430;
2506;310;430;
2506;312;430;
2507;312;430;
2507;315;430;
2508;318;430;
2509;321;430;
2509;322;430;
2509;324;430;
2510;324;430;
2511;324;430;
2511;327;430;
2511;328;430;
2512;328;430;
2513;330;430;
2513;333;430;
2514;334;430;
2515;335;430;
2515;335;430;
2515;339;430;
2515;345;430;
2516;348;430;
2517;353;430;
2517;357;430;
2518;360;430;
2518;364;430;
2519;369;430;
2519;374;430;
2520;374;430;
2521;374;430;
2521;376;430;
2521;379;430;
2522;378;430;
2522;376;430;
2523;378;430;
2524;376;430;
2524;372;430;
2524;365;430;
2525;360;430;
2526;357;430;
2526;351;430;
2527;348;430;
2527;347;430;
2528;344;430;
2528;341;430;
2529;340;430;
2529;338;430;
2530;338;430;
2530;340;430;
2531;340;430;
2531;340;430;
2532;340;430;
2533;338;430;
2533;338;430;
2534;338;430;
2534;339;430;
2534;340;430;
2535;342;430;
2536;344;430;
2536;344;430;
2536;344;430;
2537;342;430;
2538;341;430;
2538;340;430;
2539;336;430;
2540;336;430;
2540;337;430;
2540;335;430;
2540;336;430;
2541;338;430;
2542;345;430;
2542;349;430;
2543;348;430;
2543;346;430;
2544;350;430;
2544;358;430;
2545;363;430;
2545;368;430;
2546;364;430;
2546;359;430;
2547;357;430;
2547;351;430;
2548;346;430;
2549;343;430;
2549;338;430;
2549;330;430;
2550;323;430;
2551;322;430;
2551;319;430;
2552;316;430;
2552;315;430;
2553;314;430;
2553;313;430;
2554;315;430;
2554;314;430;
2555;310;430;
2555;305;430;
2556;305;430;
2556;295;430;
2557;301;430;
2558;326;430;
2558;380;430;
2559;443;430;0,5764353275299072
2559;478;430;
2559;448;430;
2560;356;430;
2561;272;430;
2561;244;430;
2561;257;430;
2562;281;430;
2563;294;430;
2563;303;430;
2564;311;430;
2564;313;430;
2565;312;430;
2566;312;430;
2566;314;430;
2566;313;430;
2567;315;430;
2567;317;430;
2568;319;430;
2568;320;430;
2569;318;430;
2569;321;430;
2570;325;430;
2570;327;430;
2571;332;430;
2572;334;430;
2572;332;430;
2572;329;430;
2573;332;430;
2574;337;430;
2574;343;430;
2574;348;430;
2575;348;430;
2576;349;430;
2576;355;430;
2577;365;430;
2577;370;430;
2578;371;430;
2578;369;430;
2579;369;430;
2579;370;430;
2580;371;430;
2580;366;430;
2581;358;430;
2581;357;430;
2582;359;430;
2583;355;430;
2583;349;430;
2584;344;430;
2584;339;430;
2584;333;430;
2585;330;430;
2585;331;430;
2586;331;430;
2586;326;430;
2587;323;430;
2588;324;430;
2588;324;430;
2588;325;430;
2589;325;430;
2590;324;430;
2590;322;430;
2590;323;430;
2591;323;430;
2592;324;430;
2592;324;430;
2593;322;430;
2593;323;430;
2594;323;430;
2594;323;430;
2595;327;430;
2595;328;430;
2596;325;430;
2596;319;430;
2597;314;430;
2597;314;430;
2598;320;430;
2599;329;430;
2599;332;430;
2599;336;430;
2600;333;430;
2601;333;430;
2601;333;430;
2601;336;430;
2602;339;430;
2603;344;430;
2603;347;430;
2604;348;430;
2604;338;430;
2605;331;430;
2605;326;430;
2606;323;430;
2606;318;430;
2607;316;430;
2607;316;430;
2608;316;430;
2608;310;430;
2609;299;430;
2609;300;430;
2610;304;430;
2611;305;430;
2611;305;430;
2611;303;430;
2612;297;430;
2613;293;430;
2613;289;430;
2614;281;430;
2614;273;430;
2615;286;430;
2615;316;430;
2615;378;430;
2616;431;430;0,5734665393829346
2617;451;430;
2617;411;430;
2618;319;430;
2618;239;430;
2619;219;430;
2619;232;430;
2620;259;430;
2620;282;430;
2621;297;430;
2621;301;430;
2622;304;430;
2622;305;430;
2623;296;430;
2624;292;430;
2624;299;430;
2624;305;430;
2625;312;430;
2626;314;430;
2626;312;430;
2626;313;430;
2627;317;430;
2628;321;430;
2628;324;430;
2628;323;430;
2629;321;430;
2630;323;430;
2630;322;430;
2631;328;430;
2631;333;430;
2632;331;430;
2632;332;430;
2633;336;430;
2634;343;430;
2634;349;430;
2634;355;430;
2635;361;430;
2635;363;430;
2636;359;430;
2636;359;430;
2637;360;430;
2638;363;430;
2638;359;430;
2639;347;430;
2639;343;430;
2640;356;430;
2640;356;430;
2640;346;430;
2641;334;430;
2642;324;430;
2642;319;430;
2643;319;430;
2643;317;430;
2644;316;430;
2644;316;430;
2645;315;430;
2645;313;430;
2646;317;430;
2646;317;430;
2647;319;430;
2647;323;430;
2648;324;430;
2648;321;430;
2649;322;430;
2649;327;430;
2650;329;430;
2651;327;430;
2651;326;430;
2652;326;430;
2652;329;430;
2653;333;430;
2653;332;430;
2653;329;430;
2654;334;430;
2655;339;430;
2655;342;430;
2655;346;430;
2656;349;430;
2657;351;430;
2657;353;430;
2658;348;430;
2659;346;430;
2659;338;430;
2659;332;430;
2660;328;430;
2660;323;430;
2661;316;430;
2661;308;430;
2662;302;430;
2662;298;430;
2663;294;430;
2663;290;430;
2664;286;430;
2665;284;430;
2665;282;430;
2665;284;430;
2666;283;430;
2667;287;430;
2667;292;430;
2668;279;430;
2668;257;430;
2669;268;430;
2669;305;430;
2670;364;430;
2670;427;430;
2671;473;430;0,5475614070892334
2671;440;430;
2672;338;430;
2672;241;430;
2673;211;430;
2673;220;430;
2674;241;430;
2674;265;430;
2675;284;430;
2676;295;430;
2676;299;430;
2677;298;430;
2677;300;430;
2678;305;430;
2678;310;430;
2679;308;430;
2679;304;430;
2680;303;430;
2680;304;430;
2681;302;430;
2681;305;430;
2682;312;430;
2682;317;430;
2683;317;430;
2683;319;430;
2684;320;430;
2684;318;430;
2685;319;430;
2685;321;430;
2686;324;430;
2686;329;430;
2687;338;430;
2688;340;430;
2688;336;430;
2689;342;430;
2689;348;430;
2690;346;430;
2690;354;430;
2690;361;430;
2691;363;430;
2692;361;430;
2692;355;430;
2692;353;430;
2693;353;430;
2694;344;430;
2694;333;430;
2695;327;430;
2695;321;430;
2696;314;430;
2696;308;430;
2697;309;430;
2697;310;430;
2698;313;430;
2698;310;430;
2699;308;430;
2699;308;430;
2700;307;430;
2701;306;430;
2701;310;430;
2701;313;430;
2702;308;430;
2703;303;430;
2703;302;430;
2703;306;430;
2704;309;430;
2705;308;430;
2705;310;430;
2706;316;430;
2706;316;430;
2707;313;430;
2707;312;430;
2708;319;430;
2708;325;430;
2709;329;430;
2709;332;430;
2710;329;430;
2710;326;430;
2711;319;430;
2711;313;430;
2712;303;430;
2712;293;430;
2713;294;430;
2714;297;430;
2714;293;430;
2715;288;430;
2715;280;430;
2715;273;430;
2716;269;430;
2717;270;430;
2717;268;430;
2717;264;430;
2718;260;430;
2719;263;430;
2719;265;430;
2720;259;430;
2721;237;430;
2721;236;430;
2721;260;430;
2722;309;430;
2722;373;430;
2723;434;430;0,517632007598877
2723;424;430;
2724;331;430;
2724;224;430;
2725;181;430;
2726;185;430;
2726;210;430;
2726;233;430;
2727;245;430;
2728;251;430;
2728;251;430;
2728;253;430;
2729;256;430;
2730;260;430;
2730;265;430;
2730;269;430;
2731;270;430;
2732;270;430;
2732;266;430;
2733;266;430;
2733;268;430;
2734;269;430;
2734;274;430;
2735;282;430;
2735;284;430;
2736;286;430;
2736;281;430;
2737;281;430;
2737;287;430;
2738;290;430;
2739;290;430;
2739;289;430;
2740;300;430;
2740;309;430;
2740;312;430;
2741;313;430;
2742;316;430;
2742;318;430;
2742;320;430;
2743;321;430;
2744;324;430;
2744;323;430;
2745;320;430;
2745;313;430;
2746;312;430;
2746;308;430;
2747;301;430;
2747;300;430;
2748;297;430;
2748;289;430;
2749;288;430;
2749;290;430;
2750;285;430;
2751;290;430;
2751;297;430;
2751;295;430;
2752;297;430;
2753;298;430;
2753;296;430;
2753;298;430;
2754;300;430;
2755;301;430;
2755;305;430;
2756;312;430;
2756;316;430;
2757;319;430;
2757;322;430;
2758;323;430;
2758;324;430;
2759;331;430;
2759;335;430;
2760;339;430;
2760;346;430;
2761;348;430;
2761;346;430;
2762;340;430;
2762;335;430;
2763;333;430;
2763;331;430;
2764;323;430;
2765;316;430;
2765;311;430;
2765;304;430;
2766;299;430;
2766;297;430;
2767;299;430;
2767;299;430;
2768;297;430;
2769;295;430;
2769;298;430;
2770;302;430;
2770;298;430;
2771;280;430;
2771;274;430;
2772;291;430;
2772;328;430;
2773;398;430;
2773;463;430;0,5036108493804932
2774;479;430;
2774;417;430;
2775;312;430;
2776;248;430;
2776;240;430;
2776;261;430;
2777;285;430;
2778;298;430;
2778;303;430;
2778;305;430;
2779;307;430;
2780;315;430;
2780;318;430;
2780;320;430;
2781;319;430;
2782;322;430;
2782;326;430;
2783;328;430;
2783;331;430;
2784;330;430;
2784;331;430;
2785;336;430;
2785;341;430;
2786;342;430;
2786;343;430;
2787;347;430;
2787;350;430;
2788;353;430;
2789;355;430;
2789;361;430;
2790;367;430;
2790;375;430;
2790;378;430;
2791;380;430;
2792;385;430;
2792;391;430;
2792;394;430;
2793;395;430;
2794;397;430;
2794;399;430;
2795;396;430;
2795;394;430;
2796;389;430;
2796;383;430;
2797;376;430;
2797;369;430;
2798;366;430;
2798;363;430;
2799;367;430;
2799;368;430;
2800;363;430;
2801;359;430;
2801;356;430;
2801;359;430;
2802;360;430;
2803;359;430;
2803;360;430;
2803;363;430;
2804;364;430;
2805;363;430;
2805;366;430;
2805;377;430;
2806;381;430;
2807;378;430;
2807;379;430;
2808;382;430;
2808;388;430;
2809;393;430;
2809;396;430;
2810;395;430;
2810;396;430;
2811;393;430;
2811;390;430;
2812;385;430;
2812;380;430;
2813;377;430;
2814;370;430;
2814;364;430;
2814;359;430;
2815;354;430;
2815;353;430;
2816;349;430;
2816;346;430;
2817;345;430;
2817;347;430;
2818;348;430;
2819;347;430;
2819;342;430;
2820;341;430;
2820;333;430;
2821;315;430;
2822;323;430;
2822;352;430;
2822;415;430;
2823;484;430;0,4957468509674072
2823;524;430;
2824;488;430;
2824;387;430;
2825;297;430;
2825;274;430;
2826;285;430;
2827;306;430;
2827;325;430;
2828;334;430;
2828;330;430;
2828;332;430;
2829;339;430;
2830;343;430;
2830;345;430;
2830;346;430;
2831;341;430;
2832;344;430;
2832;348;430;
2832;348;430;
2833;350;430;
2834;352;430;
2834;355;430;
2835;355;430;
2835;358;430;
2836;359;430;
2836;359;430;
2837;361;430;
2837;366;430;
2838;370;430;
2838;369;430;
2839;369;430;
2839;379;430;
2840;390;430;
2840;394;430;
2841;398;430;
2841;400;430;
2842;402;430;
2842;403;430;
2843;404;430;
2843;406;430;
2844;404;430;
2845;396;430;
2845;396;430;
2846;394;430;
2846;392;430;
2847;385;430;
2847;377;430;
2848;374;430;
2848;372;430;
